driverId,name,ssn,location,certified,wage-plan
10,Michele Gonzalez,808-18-6677,"5397 Brown Islands Suite 797
South Dianeport, CA 21873",N,miles
11,Kristy Hall,254-94-2175,"03806 Morris Park
South Elizabethville, IN 36808",N,miles
12,Kelly Garcia,799-96-8633,"98099 Fernandez Place Suite 916
West Marisa, PR 68254",Y,hours
13,Jennifer Vasquez,495-21-6235,"97175 Michelle Neck
Alexandershire, MO 16628",N,miles
14,Cody Harris,794-71-6784,"29868 Jones Heights
Wadefort, ND 11860",N,hours
15,Julie Schultz,416-55-0901,"41327 Mindy Turnpike
Port Lauren, VA 40526",Y,hours
16,Joseph Gomez,120-86-7004,"07692 Rodriguez Brook Apt. 533
North Michaelside, VA 32346",N,miles
17,Andre Shepherd,689-36-9785,"3831 Maria Shores
Lambburgh, KS 98993",N,hours
18,Shawn Peterson,745-32-9459,"28818 Olson Pines Suite 253
Melissamouth, DC 26802",Y,miles
19,Chad Klein,178-81-9006,"0754 Jeffery Hills
Rebeccaville, WA 03398",N,miles
20,Dylan Franklin,881-35-5890,"8250 Burns Ways
East Joseph, OH 11722",N,miles
21,Arthur Escobar,717-70-4341,"31372 Valdez Landing
Adammouth, VI 88109",Y,miles
22,Adam Clark,219-34-8009,"302 Roberts Fields Apt. 970
South Theresatown, NV 86736",Y,miles
23,Manuel Small,421-41-0360,"21050 Lee Plains Suite 907
West Jesseberg, KY 81935",Y,miles
24,Angela Carey,599-74-4520,"5810 Massey Club
Dominguezhaven, MI 21697",N,hours
25,Melanie Murray,848-87-7256,"29662 Justin Harbors Suite 178
Valenciaville, CA 19658",N,hours
26,Jay Raymond,716-35-4759,"51669 Vargas Dale Suite 763
Hobbsside, AR 94198",N,hours
27,Caroline Dunlap,581-44-2786,"8101 Jacqueline Mountain Suite 309
Nielsenview, KS 69101",N,miles
28,Roberta Salinas,002-37-5988,"93829 Coleman Hill
Christopherland, DC 11867",N,hours
29,Donald Payne,244-02-9208,"048 Michael Forest
Lake Tara, MO 84486",N,miles
30,Anthony Schultz,841-36-6811,"PSC 1458, Box 3411
APO AE 41501",N,miles
31,Jessica Payne,894-46-9730,"14384 Christine Parks Suite 726
Fergusonside, MI 92086",Y,hours
32,Victoria Jackson,513-17-1698,"3954 Tammy Island
Harrellton, IA 69127",Y,hours
33,Mercedes Becker,608-04-3809,"692 Pineda Falls Apt. 473
Port Amanda, WV 45952",N,miles
34,Janice Norton,773-31-7960,"51297 Shannon Motorway Suite 968
Port Jackiemouth, NM 33023",N,miles
35,Denise Hernandez,477-57-1811,"2714 Jason Garden Suite 107
Michaelshire, AR 70936",Y,miles
36,Candice Young,651-92-7141,"3915 Jeffrey Road Apt. 576
Howardfort, PW 44596",Y,hours
37,Justin Rivera,784-85-0598,"049 Melissa Mountain
Carterport, UT 08502",Y,miles
38,David Cordova,772-53-3724,"97330 Gray Pines Suite 276
North Bryanstad, NV 03232",N,miles
39,Todd Campbell,692-83-8878,"400 Montgomery Gateway
South Elizabeth, IN 32381",N,miles
40,Eddie Murray,463-68-4338,"211 Pacheco Spring
New Calvintown, MA 95058",N,hours
41,Lisa Ray,113-81-1991,"40991 White Square Suite 020
East Lisa, MN 89657",N,miles
42,Ashley Olson,758-60-5616,"9882 Washington Lane
West John, AS 34389",N,miles
43,Isaac Brown,693-24-4132,"USNV Foster
FPO AP 24625",N,hours
44,Shannon Jennings,753-41-3766,"1268 Foster Locks
West Johnstad, ME 41425",N,miles
45,Elizabeth Mahoney,034-02-1206,"5385 Caroline Center
North Sydneyview, UT 56168",N,miles
46,Amber Morgan,456-58-1961,"62596 West Manor
Heatherville, SD 83123",Y,hours
47,Brian Strickland,346-74-4642,"7827 Madison Road Apt. 325
North Nicoletown, HI 95859",Y,miles
48,Emily Hill,632-04-5643,"USNV Bell
FPO AA 48523",N,hours
49,Jonathan Arnold,579-77-6763,"34018 Banks Walk
Port Alyssaside, AL 84152",N,hours
50,Amy Berry,066-39-6736,"2033 Lynn Route
Port Veronica, RI 70335",N,hours
51,Kimberly Branch,312-17-8108,"8344 Hernandez Groves Apt. 488
Whitefurt, VA 79107",Y,hours
52,Jennifer Gentry,385-86-4238,"345 Lynn Mall Apt. 183
Port Thomasfurt, NY 08512",N,miles
53,Michelle Larsen,437-76-2592,"11851 Mason Estate Apt. 996
Travismouth, LA 36738",N,hours
54,Holly Carter,773-13-9113,"793 Henry Walk Apt. 722
Powerschester, AK 78786",N,miles
55,Linda Martin,753-69-3451,"6127 Ashley Field
Alexanderland, TX 94958",Y,hours
56,William Rogers,065-24-3923,"923 Kathleen Village
South Kathleen, PR 67301",N,miles
57,Emily Neal,798-22-5657,"9118 Hernandez Gateway
West Briannaburgh, SC 34059",N,hours
58,Ashley Brown,092-24-3381,"677 Charles Mission Suite 821
Lopezfurt, PW 14390",N,hours
59,Ashlee Harris,136-29-6447,"2420 Miguel Grove
Port Nicholas, TX 47946",N,hours
60,Gary Walker,749-46-0771,"3095 Ashley Ramp
Ramosbury, ND 26526",Y,miles
61,Sheila Wells,081-94-9146,"02750 Wesley Burgs Suite 143
Lake Oliviaville, PR 19515",Y,hours
62,Jennifer Roberts,705-47-9562,"21404 Gabrielle Crest
Rogersside, VI 35728",Y,hours
63,Eric Elliott,697-52-8783,"91677 Joseph Mills
Lake Charles, CT 09286",N,miles
64,Brian Ward,093-47-7487,"803 Macias Field
Matthewborough, MA 36356",N,hours
65,David Mcintyre,205-62-2789,"20939 Lee Inlet
North Tiffany, AS 97291",N,hours
66,Melissa James,321-21-9128,"103 Brent Square Apt. 994
North Hannahchester, NM 00876",Y,miles
67,Thomas Franklin,661-70-6192,"9077 West Crossroad Apt. 388
Lake Adam, TX 23928",Y,miles
68,Matthew Smith,555-61-4125,"PSC 6624, Box 3246
APO AA 00551",Y,hours
69,William Williams,255-61-1520,"908 Diane Extensions Apt. 058
Kimberlyside, VA 41697",N,miles
70,Sheila Patterson,711-36-2492,"465 Curtis Ridge Suite 075
Cameronchester, NC 73229",Y,miles
71,Jamie Diaz,379-61-3271,"9703 Allen Plains Suite 756
East Crystalland, TN 71753",Y,hours
72,Alexander Fuller,216-48-9355,"262 Rachel Skyway
Ashleymouth, WY 74896",N,miles
73,Melissa Miller,706-31-3847,"458 Jessica Point
Port Shawnfort, ME 11254",N,hours
74,Monique Stark,540-22-6216,"267 Dylan Club
North Jenniferfort, MH 32419",Y,hours
75,Blake Austin,693-25-5794,"9852 Gray Centers Apt. 073
East Antonioberg, KY 33857",Y,hours
76,Sara Ramirez,814-61-8944,"PSC 4147, Box 3061
APO AE 50400",N,miles
77,Hunter Long,479-21-0246,"43498 Thomas Ferry
East Anna, GU 30062",N,miles
78,Theresa Guzman,881-73-0501,"430 Anderson Hill
Dustinhaven, AR 80679",Y,hours
79,Miranda Shelton,188-11-5595,"653 Melissa Inlet Suite 630
South Christopher, GU 98274",N,hours
80,Timothy Harris,020-48-7561,"PSC 8753, Box 8122
APO AP 37028",N,miles
81,Stephen Hall,705-21-0306,"USCGC Johnson
FPO AE 32061",Y,miles
82,David Johnson,577-73-2774,"24555 Jonathan Street Apt. 916
Porterport, IN 86067",N,hours
83,William Gonzalez,496-30-8651,"Unit 8329 Box 9754
DPO AA 81207",N,miles
84,Diamond Moore,313-23-3998,"1650 Shaw Pass Apt. 425
East Joseph, ID 40506",Y,miles
85,Christina Ingram,770-59-7126,"737 Baker Centers Apt. 419
North Julieton, TX 69576",N,miles
86,Erin Nguyen,597-15-0603,"3546 Jonathan Trace
West Jamesfort, MI 67510",N,miles
87,Oscar Webb,158-13-9357,"882 Brian Freeway
Port Bradleyton, LA 72954",N,hours
88,John Kennedy,262-03-3358,"3402 Ariana Ville
New Julianbury, NJ 54505",N,miles
89,Cameron Solis,627-81-0863,"259 Sarah Circle
West Matthew, RI 66333",N,hours
90,Karen Mcdowell,540-86-8322,"797 Amanda Route
New Timothy, OK 20312",Y,hours
91,Victoria Williams,892-21-6893,"5572 Riggs Knolls Apt. 274
East Jasonshire, MI 34371",N,miles
92,Chad Allen,394-95-1699,"41674 Orozco Trace
South Russell, SC 91887",N,miles
93,Shaun Brown,497-75-4731,"USCGC Ibarra
FPO AP 43222",N,miles
94,Darren Hernandez,331-54-1163,"67180 Jose Views Apt. 722
Ramirezchester, MH 69631",Y,hours
95,Lisa Miller,839-59-6787,"7672 Stephanie Cape Suite 346
Gregoryport, ID 51453",Y,miles
96,Mr. Paul Jackson,215-89-1756,"413 Johnny Parks
West Josephland, RI 33188",Y,hours
97,Katherine Bartlett,089-67-2477,"4230 Sabrina Ports
West David, FL 27627",Y,hours
98,David Jones,816-77-5259,"681 David Point Suite 409
Port Shawnport, UT 83533",Y,hours
99,Karen Rodgers,123-85-3861,"718 Butler Ranch Apt. 496
East Rebecca, LA 16352",Y,hours
100,Lisa Welch,853-10-4347,"USCGC Vance
FPO AE 50384",N,hours
101,Christopher Nelson,472-57-7039,"PSC 7276, Box 8670
APO AA 50256",N,hours
102,Mark Smith,753-93-9540,"364 Martin Plain Suite 118
Johnsonstad, MD 18801",Y,miles
103,William Taylor,873-42-5144,"836 Jennifer Bridge
West Erica, IN 30644",Y,hours
104,Teresa Le,471-44-0171,"630 Mikayla Creek Apt. 088
Alanmouth, PW 87845",Y,hours
105,Mrs. Janice Hall,231-40-0811,"3168 Thomas Cliffs Suite 281
Cardenasshire, PA 25338",N,miles
106,Cheyenne Williams,330-34-2500,"USCGC Taylor
FPO AE 67722",N,miles
107,Karla Jackson,835-82-1880,"770 Michelle Plains Apt. 742
South Arthur, MT 37620",Y,hours
108,Mark Johnson,219-35-2588,"5863 Obrien Stravenue
New Christopher, AS 42487",N,hours
109,Cassidy Schwartz,361-77-6769,"69711 Simon Mission Apt. 697
Port Laura, NH 88730",Y,hours
